text,label,domain,version,sample,n_annot,p_human_narr_mean,p_human_narr_min,p_human_narr_max,p_human_full_mean,fidelity,invented,words,verdict
dev_deepseek_4557,DeepSeek story 'The Haunted Cellar',fiction,original,0,1,1.1844223081425298e-05,1.1844223081425298e-05,1.1844223081425298e-05,0.017949577420949936,,,,ai
dev_deepseek_4557,DeepSeek story 'The Haunted Cellar',fiction,v1,1,3,0.9860905806223551,0.9773780703544617,0.990842342376709,0.8335832556088766,100.0,0.0,1673.0,human
dev_deepseek_4557,DeepSeek story 'The Haunted Cellar',fiction,v2,1,3,0.8189910252888998,0.779015302658081,0.875378429889679,0.6883396903673807,90.0,0.0,1574.0,human
dev_deepseek_4557,DeepSeek story 'The Haunted Cellar',fiction,v3,1,3,0.4804118424654007,0.20763330161571503,0.9937295913696289,0.6159536639849345,90.0,0.0,1593.0,ai
dev_deepseek_4557,DeepSeek story 'The Haunted Cellar',fiction,v4,1,3,0.9972721139589945,0.9948921203613281,0.9997885823249817,0.9914261897404989,100.0,0.0,1508.0,human
dev_gemini_10367,Gemini story 'Where All Things Perish',fiction,original,0,1,3.159074913128279e-05,3.159074913128279e-05,3.159074913128279e-05,0.0001575329661136493,,,,ai
dev_gemini_10367,Gemini story 'Where All Things Perish',fiction,v1,1,1,3.188283881172538e-05,3.188283881172538e-05,3.188283881172538e-05,3.5087374271824956e-05,100.0,0.0,1702.0,ai
dev_gemini_10367,Gemini story 'Where All Things Perish',fiction,v2,1,3,0.2679903632379137,0.0006539470632560551,0.7737888693809509,0.2144224892059962,100.0,0.0,1547.0,ai
dev_gemini_10367,Gemini story 'Where All Things Perish',fiction,v3,1,3,0.25251006583372754,0.15026843547821045,0.4140986204147339,0.15690853268218538,100.0,0.0,1488.0,ai
dev_gemini_10367,Gemini story 'Where All Things Perish',fiction,v4,1,3,0.03479909404025724,0.0018613162683323026,0.09516141563653946,0.00885506157646887,100.0,0.0,1504.0,ai
dev_kimi_4582,Kimi story 'Nobody's Story',fiction,original,0,1,1.162772150564706e-06,1.162772150564706e-06,1.162772150564706e-06,0.008184030652046204,,,,ai
dev_kimi_4582,Kimi story 'Nobody's Story',fiction,v1,1,3,0.6935811589161555,0.21170847117900848,0.9784083366394043,0.9908700982729594,100.0,0.0,1546.0,human
dev_kimi_4582,Kimi story 'Nobody's Story',fiction,v2,1,3,0.043752820851902165,0.004277330823242664,0.07685442268848419,0.5663227240244547,90.0,0.0,1450.0,ai
dev_kimi_4582,Kimi story 'Nobody's Story',fiction,v3,1,3,0.32725847512483597,0.06620409339666367,0.7807387709617615,0.929202655951182,90.0,0.0,1451.0,ai
dev_kimi_4582,Kimi story 'Nobody's Story',fiction,v4,1,3,0.17264210681120554,0.07760059088468552,0.33524656295776367,0.9664325515429179,100.0,0.0,1650.0,ai
gut_cask_of_amontillado_poe,"Poe, Cask of Amontillado (human)",fiction,original,0,1,0.0002016022481257096,0.0002016022481257096,0.0002016022481257096,0.6061862707138062,,,,ai
gut_gift_of_the_magi_ohenry,"O. Henry, Gift of the Magi (human)",fiction,original,0,1,0.9803451895713806,0.9803451895713806,0.9803451895713806,0.9925771355628967,,,,human
gut_owl_creek_bridge_bierce,"Bierce, Owl Creek Bridge (human)",fiction,original,0,1,0.9889745712280273,0.9889745712280273,0.9889745712280273,0.9999139308929443,,,,human
gut_yellow_wallpaper_gilman,"Gilman, Yellow Wallpaper (human)",fiction,original,0,1,0.9994267225265503,0.9994267225265503,0.9994267225265503,0.8627595901489258,,,,human
h_099000_2017__sonnet,h_099000_2017__sonnet,news,v2,1,1,0.6455631852149963,0.6455631852149963,0.6455631852149963,0.004841895308345556,100.0,0.0,254.0,human
h_112000_2019__opus,h_112000_2019__opus,news,v2,1,1,0.42730504274368286,0.42730504274368286,0.42730504274368286,0.022926876321434975,100.0,0.0,300.0,ai
vw_161566_original,VW ID. Tiguan (WinFuture 27.09.2026),news,final,1,1,0.0715593546628952,0.0715593546628952,0.0715593546628952,0.001348481047898531,100.0,0.0,392.0,ai
vw_161566_original,VW ID. Tiguan (WinFuture 27.09.2026),news,final,2,1,0.021266216412186623,0.021266216412186623,0.021266216412186623,0.00021249351266305894,100.0,0.0,405.0,ai
vw_161566_original,VW ID. Tiguan (WinFuture 27.09.2026),news,final,3,1,0.0035878021735697985,0.0035878021735697985,0.0035878021735697985,0.00044262377195991576,100.0,0.0,392.0,ai
vw_161566_original,VW ID. Tiguan (WinFuture 27.09.2026),news,original,0,3,0.01510535537575682,0.0033331713639199734,0.02253700979053974,0.0010443956319553156,,,,ai
vw_161566_original,VW ID. Tiguan (WinFuture 27.09.2026),news,v1,1,1,0.0958186462521553,0.0958186462521553,0.0958186462521553,0.00043725583236664534,75.0,1.0,391.0,ai
vw_161566_original,VW ID. Tiguan (WinFuture 27.09.2026),news,v1,2,1,0.021840950474143028,0.021840950474143028,0.021840950474143028,0.006966374348849058,85.0,1.0,397.0,ai
vw_161566_original,VW ID. Tiguan (WinFuture 27.09.2026),news,v2,1,1,0.0265684612095356,0.0265684612095356,0.0265684612095356,0.0004947069683112204,100.0,0.0,415.0,ai
vw_161566_original,VW ID. Tiguan (WinFuture 27.09.2026),news,v2,2,1,0.01617618277668953,0.01617618277668953,0.01617618277668953,0.0010292561491951346,100.0,0.0,414.0,ai
vw_161566_original,VW ID. Tiguan (WinFuture 27.09.2026),news,v3,1,1,0.03700853884220123,0.03700853884220123,0.03700853884220123,0.000864169211126864,100.0,0.0,409.0,ai
vw_161566_original,VW ID. Tiguan (WinFuture 27.09.2026),news,v3,2,1,0.03957229107618332,0.03957229107618332,0.03957229107618332,0.048727139830589294,100.0,0.0,398.0,ai
vw_161566_original,VW ID. Tiguan (WinFuture 27.09.2026),news,v4,1,1,0.031050724908709526,0.031050724908709526,0.031050724908709526,0.03962303325533867,100.0,0.0,440.0,ai
vw_161566_original,VW ID. Tiguan (WinFuture 27.09.2026),news,v4,2,1,0.09572295099496841,0.09572295099496841,0.09572295099496841,0.00139632448554039,100.0,0.0,421.0,ai
wf_112000_human2019,"KI strohdoof (WinFuture 2019, human)",news,original,0,1,0.09432511776685715,0.09432511776685715,0.09432511776685715,0.0027213410940021276,,,,ai
wf_161565_gates,Bill Gates (WinFuture 27.09.2026),news,original,0,1,0.6871638298034668,0.6871638298034668,0.6871638298034668,0.4554705023765564,,,,human
wf_161565_gates,Bill Gates (WinFuture 27.09.2026),news,v2,1,1,0.9183565974235535,0.9183565974235535,0.9183565974235535,0.12488806992769241,100.0,0.0,451.0,human
wf_161565_gates,Bill Gates (WinFuture 27.09.2026),news,v3,1,1,0.3751496970653534,0.3751496970653534,0.3751496970653534,0.04516194388270378,90.0,0.0,440.0,ai
wf_161565_gates,Bill Gates (WinFuture 27.09.2026),news,v4,1,1,0.6118361949920654,0.6118361949920654,0.6118361949920654,0.3999396562576294,100.0,0.0,455.0,human
